{
  "type": "gaussian_nb",
  "version": "py_20260130",
  "generated_at": "2026-01-30 13:47:07",
  "features": [
    "gyro_z_dps_std",
    "gyro_z_dps_rms",
    "gyro_y_dps_std",
    "gyro_y_dps_rms",
    "gyro_z_dps_peak",
    "gyro_y_dps_peak",
    "accel_x_g_std",
    "gyro_z_dps_root_amplitude",
    "accel_y_g_std",
    "gyro_x_dps_std"
  ],
  "labels": [
    "HIGH",
    "LOW",
    "MEDIUM"
  ],
  "priors": {
    "HIGH": 0.3333333333333333,
    "LOW": 0.3366013071895425,
    "MEDIUM": 0.3300653594771242
  },
  "stats": {
    "HIGH": {
      "gyro_z_dps_std": {
        "mean": 19.66903943723647,
        "var": 1.3146851316471684
      },
      "gyro_z_dps_rms": {
        "mean": 19.71983012982456,
        "var": 1.4434429291991875
      },
      "gyro_y_dps_std": {
        "mean": 3.636635014467227,
        "var": 0.13118902282498485
      },
      "gyro_y_dps_rms": {
        "mean": 3.698914696371893,
        "var": 0.14109745329560774
      },
      "gyro_z_dps_peak": {
        "mean": 42.1125549019608,
        "var": 1.7777042125029685
      },
      "gyro_y_dps_peak": {
        "mean": 10.689266078431368,
        "var": 2.75520693329397
      },
      "accel_x_g_std": {
        "mean": 0.14907183950112085,
        "var": 0.00036830082305222946
      },
      "gyro_z_dps_root_amplitude": {
        "mean": 12.166046165726364,
        "var": 1.5772132700784212
      },
      "accel_y_g_std": {
        "mean": 0.15959372787424708,
        "var": 6.498104465673155e-05
      },
      "gyro_x_dps_std": {
        "mean": 1.712446719329424,
        "var": 0.018947723221915576
      }
    },
    "LOW": {
      "gyro_z_dps_std": {
        "mean": 13.948497415021539,
        "var": 0.22581517279399901
      },
      "gyro_z_dps_rms": {
        "mean": 13.955104625440972,
        "var": 0.20031046150493922
      },
      "gyro_y_dps_std": {
        "mean": 1.9821851158079418,
        "var": 0.024415865785405555
      },
      "gyro_y_dps_rms": {
        "mean": 2.068480274803058,
        "var": 0.024635532200685588
      },
      "gyro_z_dps_peak": {
        "mean": 26.482543689320377,
        "var": 0.493230046435391
      },
      "gyro_y_dps_peak": {
        "mean": 5.173348252427181,
        "var": 0.2631937964207053
      },
      "accel_x_g_std": {
        "mean": 0.06638151287177352,
        "var": 1.0532881471798434e-05
      },
      "gyro_z_dps_root_amplitude": {
        "mean": 10.363030643342928,
        "var": 0.2648214506843619
      },
      "accel_y_g_std": {
        "mean": 0.12954113481784565,
        "var": 2.394181664173698e-05
      },
      "gyro_x_dps_std": {
        "mean": 1.0429496517216812,
        "var": 0.0024130305597220188
      }
    },
    "MEDIUM": {
      "gyro_z_dps_std": {
        "mean": 15.965573775923058,
        "var": 1.44008334035975
      },
      "gyro_z_dps_rms": {
        "mean": 15.941034708950063,
        "var": 1.3688701283734876
      },
      "gyro_y_dps_std": {
        "mean": 2.0723880560435535,
        "var": 0.012399067043997942
      },
      "gyro_y_dps_rms": {
        "mean": 2.1463116093465624,
        "var": 0.010793385837429288
      },
      "gyro_z_dps_peak": {
        "mean": 31.37911089108911,
        "var": 9.651934876971083
      },
      "gyro_y_dps_peak": {
        "mean": 4.989796138613859,
        "var": 0.14430280306192048
      },
      "accel_x_g_std": {
        "mean": 0.07331621376005895,
        "var": 3.450307431140734e-05
      },
      "gyro_z_dps_root_amplitude": {
        "mean": 11.034049729671764,
        "var": 0.34469241029098224
      },
      "accel_y_g_std": {
        "mean": 0.13781491907942864,
        "var": 5.5664964750341566e-05
      },
      "gyro_x_dps_std": {
        "mean": 1.2393716987178292,
        "var": 0.029230244393750885
      }
    }
  },
  "metrics": {
    "train_accuracy": 0.9150326797385621,
    "cv_accuracy_mean": 0.8951877313590693
  },
  "training_info": {
    "total_samples": 306,
    "window_size": 100
  }
}