{
  "type": "gaussian_nb",
  "version": "py_20260201",
  "generated_at": "2026-02-01 08:18:05",
  "features": [
    "accel_z_g_std",
    "gyro_z_dps_peak",
    "gyro_y_dps_skew",
    "gyro_y_dps_shape_factor",
    "gyro_z_dps_std",
    "gyro_z_dps_rms",
    "accel_x_g_rms",
    "gyro_y_dps_kurtosis",
    "accel_z_g_skew",
    "accel_y_g_clearance_factor",
    "gyro_x_dps_shape_factor",
    "gyro_z_dps_shape_factor",
    "gyro_x_dps_clearance_factor",
    "gyro_x_dps_skew",
    "accel_x_g_skew",
    "gyro_z_dps_kurtosis",
    "gyro_x_dps_kurtosis",
    "accel_x_g_root_amplitude",
    "accel_z_g_rms",
    "accel_x_g_kurtosis",
    "gyro_z_dps_skew",
    "accel_y_g_skew",
    "gyro_y_dps_mean",
    "gyro_x_dps_mean",
    "accel_z_g_kurtosis"
  ],
  "labels": [
    "HIGH",
    "LOW",
    "MEDIUM"
  ],
  "priors": {
    "HIGH": 0.3339610797237916,
    "LOW": 0.3333333333333333,
    "MEDIUM": 0.33270558694287505
  },
  "stats": {
    "HIGH": {
      "accel_z_g_std": {
        "mean": 0.0661203965917099,
        "var": 2.204580570822255e-05
      },
      "gyro_z_dps_peak": {
        "mean": 40.853897556390976,
        "var": 25.338916834912293
      },
      "gyro_y_dps_skew": {
        "mean": 0.7022249771188249,
        "var": 0.11383650904351048
      },
      "gyro_y_dps_shape_factor": {
        "mean": 1.2969456436085294,
        "var": 0.004850784465591629
      },
      "gyro_z_dps_std": {
        "mean": 16.64229980871701,
        "var": 16.706108807145554
      },
      "gyro_z_dps_rms": {
        "mean": 18.83434152850992,
        "var": 20.168723733347075
      },
      "accel_x_g_rms": {
        "mean": 0.3438327703361847,
        "var": 0.0023446490932100363
      },
      "gyro_y_dps_kurtosis": {
        "mean": 0.3448233754378968,
        "var": 0.9758343481064654
      },
      "accel_z_g_skew": {
        "mean": 0.23873183327999487,
        "var": 0.03912843899450186
      },
      "accel_y_g_clearance_factor": {
        "mean": 3.251868019764271,
        "var": 0.2776038564744387
      },
      "gyro_x_dps_shape_factor": {
        "mean": 1.226242633372139,
        "var": 0.00140240164604587
      },
      "gyro_z_dps_shape_factor": {
        "mean": 1.286888085652835,
        "var": 0.008554733806179302
      },
      "gyro_x_dps_clearance_factor": {
        "mean": 3.480451501991755,
        "var": 0.25063327367929883
      },
      "gyro_x_dps_skew": {
        "mean": 0.014882035094861315,
        "var": 0.0733110692373045
      },
      "accel_x_g_skew": {
        "mean": -0.12788892827325105,
        "var": 0.11918489997708924
      },
      "gyro_z_dps_kurtosis": {
        "mean": -0.26340067059947553,
        "var": 0.6281820463628505
      },
      "gyro_x_dps_kurtosis": {
        "mean": -0.29159672387379604,
        "var": 0.17944492195014503
      },
      "accel_x_g_root_amplitude": {
        "mean": 0.26849414590699716,
        "var": 0.0032776476200471034
      },
      "accel_z_g_rms": {
        "mean": 1.084553509930863,
        "var": 0.00011297254271522462
      },
      "accel_x_g_kurtosis": {
        "mean": -0.7029994964238699,
        "var": 0.20930241022703752
      },
      "gyro_z_dps_skew": {
        "mean": -0.17032818443481496,
        "var": 0.2251588296090318
      },
      "accel_y_g_skew": {
        "mean": 0.06358746905412416,
        "var": 0.10983209336132442
      },
      "gyro_y_dps_mean": {
        "mean": 0.3816554493599624,
        "var": 1.928520947577968
      },
      "gyro_x_dps_mean": {
        "mean": -1.0532609067781948,
        "var": 0.8520271597009504
      },
      "accel_z_g_kurtosis": {
        "mean": -0.2973397248301389,
        "var": 0.12367908234972017
      }
    },
    "LOW": {
      "accel_z_g_std": {
        "mean": 0.02457743531380969,
        "var": 2.2949942122732615e-06
      },
      "gyro_z_dps_peak": {
        "mean": 26.64211224105461,
        "var": 1.1467730251483883
      },
      "gyro_y_dps_skew": {
        "mean": 0.2562182443611747,
        "var": 0.024446524241063496
      },
      "gyro_y_dps_shape_factor": {
        "mean": 1.2196005338680347,
        "var": 0.0006841381052600418
      },
      "gyro_z_dps_std": {
        "mean": 10.821766230047407,
        "var": 3.560267453028255
      },
      "gyro_z_dps_rms": {
        "mean": 13.523109037287401,
        "var": 0.7689764950952294
      },
      "accel_x_g_rms": {
        "mean": 0.29751831913474935,
        "var": 4.00185615528148e-05
      },
      "gyro_y_dps_kurtosis": {
        "mean": -0.6571065106008196,
        "var": 0.051733663004467446
      },
      "accel_z_g_skew": {
        "mean": -0.03939895357408177,
        "var": 0.03807208492234843
      },
      "accel_y_g_clearance_factor": {
        "mean": 2.766910986595325,
        "var": 0.049730505324823586
      },
      "gyro_x_dps_shape_factor": {
        "mean": 1.1836354421519417,
        "var": 0.0009429777670015991
      },
      "gyro_z_dps_shape_factor": {
        "mean": 1.218676408407875,
        "var": 0.0010030704567084575
      },
      "gyro_x_dps_clearance_factor": {
        "mean": 3.0037991930643235,
        "var": 0.1489537341869377
      },
      "gyro_x_dps_skew": {
        "mean": 0.23012577220139466,
        "var": 0.029826204095929038
      },
      "accel_x_g_skew": {
        "mean": -0.3342589027359914,
        "var": 0.022236817957276306
      },
      "gyro_z_dps_kurtosis": {
        "mean": -0.6168520199523884,
        "var": 0.17044114434775562
      },
      "gyro_x_dps_kurtosis": {
        "mean": -0.3312135640361914,
        "var": 0.1087815881753798
      },
      "accel_x_g_root_amplitude": {
        "mean": 0.28284049499247377,
        "var": 4.4783361630014225e-05
      },
      "accel_z_g_rms": {
        "mean": 1.0819730319067775,
        "var": 3.6648956464833927e-06
      },
      "accel_x_g_kurtosis": {
        "mean": -0.7928476434906955,
        "var": 0.03584332743544389
      },
      "gyro_z_dps_skew": {
        "mean": -0.036378536699061964,
        "var": 0.06980542926860721
      },
      "accel_y_g_skew": {
        "mean": -0.04411283062881687,
        "var": 0.16276320137675754
      },
      "gyro_y_dps_mean": {
        "mean": 0.5721514615828629,
        "var": 0.07657695423166094
      },
      "gyro_x_dps_mean": {
        "mean": -0.9489351821853097,
        "var": 0.1156382639008049
      },
      "accel_z_g_kurtosis": {
        "mean": -0.34715403181075727,
        "var": 0.09999450073138749
      }
    },
    "MEDIUM": {
      "accel_z_g_std": {
        "mean": 0.027967530554451597,
        "var": 4.601977942635074e-06
      },
      "gyro_z_dps_peak": {
        "mean": 32.66628396226412,
        "var": 1.1077600514223944
      },
      "gyro_y_dps_skew": {
        "mean": 0.8428269702936794,
        "var": 0.03199343493280849
      },
      "gyro_y_dps_shape_factor": {
        "mean": 1.3346290823238964,
        "var": 0.0016757886688293817
      },
      "gyro_z_dps_std": {
        "mean": 13.705936395743604,
        "var": 3.6764477637783135
      },
      "gyro_z_dps_rms": {
        "mean": 15.938259251872687,
        "var": 0.9000345915364638
      },
      "accel_x_g_rms": {
        "mean": 0.29828646170125017,
        "var": 3.421780423963736e-05
      },
      "gyro_y_dps_kurtosis": {
        "mean": 0.3126778984149106,
        "var": 0.21727089620310708
      },
      "accel_z_g_skew": {
        "mean": -0.0063144913294465865,
        "var": 0.03844942337909144
      },
      "accel_y_g_clearance_factor": {
        "mean": 2.9210571717487293,
        "var": 0.04644163846192444
      },
      "gyro_x_dps_shape_factor": {
        "mean": 1.2069009650849973,
        "var": 0.0005291697361762731
      },
      "gyro_z_dps_shape_factor": {
        "mean": 1.2734741532581284,
        "var": 0.0004951899271800615
      },
      "gyro_x_dps_clearance_factor": {
        "mean": 3.2270376330041493,
        "var": 0.12768529017783067
      },